[{"fields": {"model": "logentry", "name": "log entry", "app_label": "admin"}, "model": "contenttypes.contenttype", "pk": 1}, {"fields": {"model": "permission", "name": "permission", "app_label": "auth"}, "model": "contenttypes.contenttype", "pk": 2}, {"fields": {"model": "group", "name": "group", "app_label": "auth"}, "model": "contenttypes.contenttype", "pk": 3}, {"fields": {"model": "user", "name": "user", "app_label": "auth"}, "model": "contenttypes.contenttype", "pk": 4}, {"fields": {"model": "contenttype", "name": "content type", "app_label": "contenttypes"}, "model": "contenttypes.contenttype", "pk": 5}, {"fields": {"model": "session", "name": "session", "app_label": "sessions"}, "model": "contenttypes.contenttype", "pk": 6}, {"fields": {"model": "city", "name": "city", "app_label": "app"}, "model": "contenttypes.contenttype", "pk": 7}, {"fields": {"model": "line", "name": "line", "app_label": "app"}, "model": "contenttypes.contenttype", "pk": 8}, {"fields": {"model": "station", "name": "station", "app_label": "app"}, "model": "contenttypes.contenttype", "pk": 9}, {"fields": {"model": "transition", "name": "transition", "app_label": "app"}, "model": "contenttypes.contenttype", "pk": 10}, {"fields": {"expire_date": "2014-11-21T06:32:00.153Z", "session_data": "MmRlMDlmMmQ2MzFmMjdiYTdjOTY0NWFmYWU3ZWE0MDFhN2Y0MGZiNzp7Il9hdXRoX3VzZXJfaGFzaCI6IjJjMjcwNzY0NzFlMTgzNTM3YTEwOWEzMzY0NDg2Yzc2NTNhZWZhMzgiLCJfYXV0aF91c2VyX2JhY2tlbmQiOiJkamFuZ28uY29udHJpYi5hdXRoLmJhY2tlbmRzLk1vZGVsQmFja2VuZCIsIl9hdXRoX3VzZXJfaWQiOjJ9"}, "model": "sessions.session", "pk": "qjb0v4kuyjuxgv9izrn9wcuhg2t4fylh"}, {"fields": {"expire_date": "2014-11-20T13:30:56.100Z", "session_data": "ZWEwNTc1MTFmYzk3ZmVjYjQ5ZDY1N2U0MmU5NDc5Y2RhNmE2N2FhNDp7Il9hdXRoX3VzZXJfaGFzaCI6ImQ1NDY2MDY5ZTlhNjE5Y2QxNTQ4ZmZjYmM5ZTAyYWY3MzhjOGIyM2EiLCJfYXV0aF91c2VyX2JhY2tlbmQiOiJkamFuZ28uY29udHJpYi5hdXRoLmJhY2tlbmRzLk1vZGVsQmFja2VuZCIsIl9hdXRoX3VzZXJfaWQiOjF9"}, "model": "sessions.session", "pk": "rl0dqld4lgu202wioao7ns4er5niu9kq"}, {"fields": {"ln_coord": 73.367354, "lt_coord": 54.987864, "name": "\u041e\u043c\u0441\u043a"}, "model": "app.city", "pk": 1}, {"fields": {"ln_coord": 30.313126, "lt_coord": 59.94116, "name": "\u0421\u0430\u043d\u043a\u0442-\u041f\u0435\u0442\u0435\u0440\u0431\u0443\u0440\u0433"}, "model": "app.city", "pk": 2}, {"fields": {"color": "#FF0000", "city": 2, "name": "\u041a\u0440\u0430\u0441\u043d\u0430\u044f"}, "model": "app.line", "pk": 1}, {"fields": {"color": "#0000FF", "city": 2, "name": "\u0421\u0438\u043d\u044f\u044f"}, "model": "app.line", "pk": 2}, {"fields": {"color": "#5A009D", "city": 2, "name": "\u0424\u0438\u043e\u043b\u0435\u0442\u043e\u0432\u0430\u044f"}, "model": "app.line", "pk": 3}, {"fields": {"color": "#FF5300", "city": 2, "name": "\u041e\u0440\u0430\u043d\u0436\u0435\u0432\u0430\u044f"}, "model": "app.line", "pk": 4}, {"fields": {"color": "#00FF00", "city": 2, "name": "\u0417\u0435\u043b\u0435\u043d\u0430\u044f"}, "model": "app.line", "pk": 5}, {"fields": {"next_time": null, "name": "\u0414\u0435\u0432\u044f\u0442\u043a\u0438\u043d\u043e", "y_coord": 0.9291426547896686, "x_coord": 0.7817976003508401, "next_station": 2, "ln_coord": 30.443045, "line": 1, "prev_time": null, "lt_coord": 60.050182}, "model": "app.station", "pk": 1}, {"fields": {"next_time": null, "name": "\u0413\u0440\u0430\u0436\u0434\u0430\u043d\u0441\u043a\u0438\u0439 \u043f\u0440\u043e\u0441\u043f\u0435\u043a\u0442", "y_coord": 0.8650093377569978, "x_coord": 0.6887615306478054, "next_station": 3, "ln_coord": 30.418224, "line": 1, "prev_time": null, "lt_coord": 60.034969}, "model": "app.station", "pk": 2}, {"fields": {"next_time": null, "name": "\u0410\u043a\u0430\u0434\u0435\u043c\u0438\u0447\u0435\u0441\u043a\u0430\u044f", "y_coord": 0.7715769637745644, "x_coord": 0.6056246696827776, "next_station": 4, "ln_coord": 30.396044, "line": 1, "prev_time": null, "lt_coord": 60.012806}, "model": "app.station", "pk": 3}, {"fields": {"next_time": null, "name": "\u041f\u043e\u043b\u0438\u0442\u0435\u0445\u043d\u0438\u0447\u0435\u0441\u043a\u0430\u044f", "y_coord": 0.7552875312488168, "x_coord": 0.5114041433492297, "next_station": 5, "ln_coord": 30.370907, "line": 1, "prev_time": null, "lt_coord": 60.008942}, "model": "app.station", "pk": 4}, {"fields": {"next_time": null, "name": "\u041f\u043b\u043e\u0449\u0430\u0434\u044c \u041c\u0443\u0436\u0435\u0441\u0442\u0432\u0430", "y_coord": 0.7168657175739699, "x_coord": 0.4936073076476103, "next_station": 6, "ln_coord": 30.366159, "line": 1, "prev_time": null, "lt_coord": 59.999828}, "model": "app.station", "pk": 5}, {"fields": {"next_time": null, "name": "\u041b\u0435\u0441\u043d\u0430\u044f", "y_coord": 0.6541320101682535, "x_coord": 0.41151996521595546, "next_station": 7, "ln_coord": 30.344259, "line": 1, "prev_time": null, "lt_coord": 59.984947}, "model": "app.station", "pk": 6}, {"fields": {"next_time": null, "name": "\u0412\u044b\u0431\u043e\u0440\u0433\u0441\u043a\u0430\u044f", "y_coord": 0.5980717426404661, "x_coord": 0.42733396054559464, "next_station": 8, "ln_coord": 30.348478, "line": 1, "prev_time": null, "lt_coord": 59.971649}, "model": "app.station", "pk": 7}, {"fields": {"next_time": null, "name": "\u041f\u043b\u043e\u0449\u0430\u0434\u044c \u041b\u0435\u043d\u0438\u043d\u0430", "y_coord": 0.5374121555253005, "x_coord": 0.4532158372346625, "next_station": 9, "ln_coord": 30.355383, "line": 1, "prev_time": null, "lt_coord": 59.95726}, "model": "app.station", "pk": 8}, {"fields": {"next_time": null, "name": "\u0427\u0435\u0440\u043d\u044b\u0448\u0435\u0432\u0441\u043a\u0430\u044f", "y_coord": 0.48374640085327, "x_coord": 0.4702180374753083, "next_station": 10, "ln_coord": 30.359919, "line": 1, "prev_time": null, "lt_coord": 59.94453}, "model": "app.station", "pk": 9}, {"fields": {"next_time": null, "name": "\u041f\u043b\u043e\u0449\u0430\u0434\u044c \u0412\u043e\u0441\u0441\u0442\u0430\u043d\u0438\u044f", "y_coord": 0.4288355063271338, "x_coord": 0.4724776109997177, "next_station": 11, "ln_coord": 30.360521829361005, "line": 1, "prev_time": null, "lt_coord": 59.93150464162035}, "model": "app.station", "pk": 10}, {"fields": {"next_time": null, "name": "\u0412\u043b\u0430\u0434\u0438\u043c\u0438\u0440\u0441\u043a\u0430\u044f", "y_coord": 0.4124927806280604, "x_coord": 0.42515995786932476, "next_station": 12, "ln_coord": 30.347898, "line": 1, "prev_time": null, "lt_coord": 59.927628}, "model": "app.station", "pk": 11}, {"fields": {"next_time": null, "name": "\u041f\u0443\u0448\u043a\u0438\u043d\u0441\u043a\u0430\u044f", "y_coord": 0.38343823379383163, "x_coord": 0.3554456892900285, "next_station": 13, "ln_coord": 30.329299, "line": 1, "prev_time": null, "lt_coord": 59.920736}, "model": "app.station", "pk": 12}, {"fields": {"next_time": null, "name": "\u0422\u0435\u0445\u043d\u043e\u043b\u043e\u0433\u0438\u0447\u0435\u0441\u043a\u0438\u0439 \u0438\u043d\u0441\u0442\u0438\u0442\u0443\u0442-1", "y_coord": 0.3656522307332433, "x_coord": 0.314214604050385, "next_station": 14, "ln_coord": 30.318299, "line": 1, "prev_time": null, "lt_coord": 59.916517}, "model": "app.station", "pk": 13}, {"fields": {"next_time": null, "name": "\u0411\u0430\u043b\u0442\u0438\u0439\u0441\u043a\u0430\u044f", "y_coord": 0.32642100426206283, "x_coord": 0.24404304525298565, "next_station": 15, "ln_coord": 30.299578, "line": 1, "prev_time": null, "lt_coord": 59.907211}, "model": "app.station", "pk": 14}, {"fields": {"next_time": null, "name": "\u041d\u0430\u0440\u0432\u0441\u043a\u0430\u044f", "y_coord": 0.30115636421890857, "x_coord": 0.15157296590188615, "next_station": 16, "ln_coord": 30.274908, "line": 1, "prev_time": null, "lt_coord": 59.901218}, "model": "app.station", "pk": 15}, {"fields": {"next_time": null, "name": "\u041a\u0438\u0440\u043e\u0432\u0441\u043a\u0438\u0439 \u0437\u0430\u0432\u043e\u0434", "y_coord": 0.2103925230493134, "x_coord": 0.10289404735577291, "next_station": 17, "ln_coord": 30.261921, "line": 1, "prev_time": null, "lt_coord": 59.879688}, "model": "app.station", "pk": 16}, {"fields": {"next_time": null, "name": "\u0410\u0432\u0442\u043e\u0432\u043e", "y_coord": 0.15827392721188496, "x_coord": 0.10070505155759563, "next_station": 18, "ln_coord": 30.261337, "line": 1, "prev_time": null, "lt_coord": 59.867325}, "model": "app.station", "pk": 17}, {"fields": {"next_time": null, "name": "\u041b\u0435\u043d\u0438\u043d\u0441\u043a\u0438\u0439 \u043f\u0440\u043e\u0441\u043f\u0435\u043a\u0442", "y_coord": 0.09016942864733767, "x_coord": 0.1267068732219096, "next_station": 19, "ln_coord": 30.268274, "line": 1, "prev_time": null, "lt_coord": 59.85117}, "model": "app.station", "pk": 18}, {"fields": {"next_time": null, "name": "\u041f\u0440\u043e\u0441\u043f\u0435\u043a\u0442 \u0412\u0435\u0442\u0435\u0440\u0430\u043d\u043e\u0432", "y_coord": 0.05081594711839022, "x_coord": 0.06551619444579077, "next_station": null, "ln_coord": 30.251949, "line": 1, "prev_time": null, "lt_coord": 59.841835}, "model": "app.station", "pk": 19}, {"fields": {"next_time": null, "name": "\u041f\u0430\u0440\u043d\u0430\u0441", "y_coord": 1.0, "x_coord": 0.3724628826525818, "next_station": 21, "ln_coord": 30.333839, "line": 2, "prev_time": null, "lt_coord": 60.06699}, "model": "app.station", "pk": 20}, {"fields": {"next_time": null, "name": "\u041f\u0440\u043e\u0441\u043f\u0435\u043a\u0442 \u041f\u0440\u043e\u0441\u0432\u0435\u0449\u0435\u043d\u0438\u044f", "y_coord": 0.9345134459485295, "x_coord": 0.3676088594357232, "next_station": 22, "ln_coord": 30.332544, "line": 2, "prev_time": null, "lt_coord": 60.051456}, "model": "app.station", "pk": 21}, {"fields": {"next_time": null, "name": "\u041e\u0437\u0435\u0440\u043a\u0438", "y_coord": 0.8739845452744344, "x_coord": 0.326194108452737, "next_station": 23, "ln_coord": 30.321495, "line": 2, "prev_time": null, "lt_coord": 60.037098}, "model": "app.station", "pk": 22}, {"fields": {"next_time": null, "name": "\u0423\u0434\u0435\u043b\u044c\u043d\u0430\u044f", "y_coord": 0.7879802199748055, "x_coord": 0.30412423300810176, "next_station": 24, "ln_coord": 30.315607, "line": 2, "prev_time": null, "lt_coord": 60.016697}, "model": "app.station", "pk": 23}, {"fields": {"next_time": null, "name": "\u041f\u0438\u043e\u043d\u0435\u0440\u0441\u043a\u0430\u044f", "y_coord": 0.7280752416645453, "x_coord": 0.2334766425902117, "next_station": 25, "ln_coord": 30.296759, "line": 2, "prev_time": null, "lt_coord": 60.002487}, "model": "app.station", "pk": 24}, {"fields": {"next_time": null, "name": "\u0427\u0451\u0440\u043d\u0430\u044f \u0440\u0435\u0447\u043a\u0430", "y_coord": 0.6562735815251729, "x_coord": 0.24874713725078335, "next_station": 26, "ln_coord": 30.300833, "line": 2, "prev_time": null, "lt_coord": 59.985455}, "model": "app.station", "pk": 25}, {"fields": {"next_time": null, "name": "\u041f\u0435\u0442\u0440\u043e\u0433\u0440\u0430\u0434\u0441\u043a\u0430\u044f", "y_coord": 0.5758972045748791, "x_coord": 0.28795415103320465, "next_station": 27, "ln_coord": 30.311293, "line": 2, "prev_time": null, "lt_coord": 59.966389}, "model": "app.station", "pk": 26}, {"fields": {"next_time": null, "name": "\u0413\u043e\u0440\u044c\u043a\u043e\u0432\u0441\u043a\u0430\u044f", "y_coord": 0.5325725415140252, "x_coord": 0.31642983781189693, "next_station": 28, "ln_coord": 30.31889, "line": 2, "prev_time": null, "lt_coord": 59.956112}, "model": "app.station", "pk": 27}, {"fields": {"next_time": null, "name": "\u041d\u0435\u0432\u0441\u043a\u0438\u0439 \u043f\u0440\u043e\u0441\u043f\u0435\u043a\u0442", "y_coord": 0.4437858597270947, "x_coord": 0.3570424567729492, "next_station": 29, "ln_coord": 30.329725, "line": 2, "prev_time": null, "lt_coord": 59.935051}, "model": "app.station", "pk": 28}, {"fields": {"next_time": null, "name": "\u0421\u0435\u043d\u043d\u0430\u044f \u043f\u043b\u043e\u0449\u0430\u0434\u044c", "y_coord": 0.41041444464587273, "x_coord": 0.3217748857711404, "next_station": 30, "ln_coord": 30.320316, "line": 2, "prev_time": null, "lt_coord": 59.927135}, "model": "app.station", "pk": 29}, {"fields": {"next_time": null, "name": "\u0422\u0435\u0445\u043d\u043e\u043b\u043e\u0433\u0438\u0447\u0435\u0441\u043a\u0438\u0439 \u0438\u043d\u0441\u0442\u0438\u0442\u0443\u0442-2", "y_coord": 0.365820858399135, "x_coord": 0.31469813223183607, "next_station": 31, "ln_coord": 30.318428, "line": 2, "prev_time": null, "lt_coord": 59.916557}, "model": "app.station", "pk": 30}, {"fields": {"next_time": null, "name": "\u0424\u0440\u0443\u043d\u0437\u0435\u043d\u0441\u043a\u0430\u044f", "y_coord": 0.32246668549676355, "x_coord": 0.3110323139259842, "next_station": 32, "ln_coord": 30.31745, "line": 2, "prev_time": null, "lt_coord": 59.906273}, "model": "app.station", "pk": 31}, {"fields": {"next_time": null, "name": "\u041c\u043e\u0441\u043a\u043e\u0432\u0441\u043a\u0438\u0435 \u0432\u043e\u0440\u043e\u0442\u0430", "y_coord": 0.26140239198344606, "x_coord": 0.3126178365674643, "next_station": 33, "ln_coord": 30.317873, "line": 2, "prev_time": null, "lt_coord": 59.891788}, "model": "app.station", "pk": 32}, {"fields": {"next_time": null, "name": "\u042d\u043b\u0435\u043a\u0442\u0440\u043e\u0441\u0438\u043b\u0430", "y_coord": 0.20828889291721508, "x_coord": 0.3155639850218665, "next_station": 34, "ln_coord": 30.318659, "line": 2, "prev_time": null, "lt_coord": 59.879189}, "model": "app.station", "pk": 33}, {"fields": {"next_time": null, "name": "\u041f\u0430\u0440\u043a \u041f\u043e\u0431\u0435\u0434\u044b", "y_coord": 0.1541383337057237, "x_coord": 0.32734483055898184, "next_station": 35, "ln_coord": 30.321802, "line": 2, "prev_time": null, "lt_coord": 59.866344}, "model": "app.station", "pk": 34}, {"fields": {"next_time": null, "name": "\u041c\u043e\u0441\u043a\u043e\u0432\u0441\u043a\u0430\u044f", "y_coord": 0.09089031191902884, "x_coord": 0.32639276731798705, "next_station": 36, "ln_coord": 30.321548, "line": 2, "prev_time": null, "lt_coord": 59.851341}, "model": "app.station", "pk": 35}, {"fields": {"next_time": null, "name": "\u0417\u0432\u0451\u0437\u0434\u043d\u0430\u044f", "y_coord": 0.014586293100194409, "x_coord": 0.4308948269981079, "next_station": 37, "ln_coord": 30.349428, "line": 2, "prev_time": null, "lt_coord": 59.833241}, "model": "app.station", "pk": 36}, {"fields": {"next_time": null, "name": "\u041a\u0443\u043f\u0447\u0438\u043d\u043e", "y_coord": 0.0, "x_coord": 0.5293771482332446, "next_station": null, "ln_coord": 30.375702, "line": 2, "prev_time": null, "lt_coord": 59.829781}, "model": "app.station", "pk": 37}, {"fields": {"next_time": null, "name": "\u041a\u043e\u043c\u0435\u043d\u0434\u0430\u043d\u0442\u0441\u043a\u0438\u0439 \u043f\u0440\u043e\u0441\u043f\u0435\u043a\u0442", "y_coord": 0.7538078234805833, "x_coord": 0.09068214956387582, "next_station": 39, "ln_coord": 30.258663, "line": 3, "prev_time": null, "lt_coord": 60.008591}, "model": "app.station", "pk": 38}, {"fields": {"next_time": null, "name": "\u0421\u0442\u0430\u0440\u0430\u044f \u0414\u0435\u0440\u0435\u0432\u043d\u044f", "y_coord": 0.6730436028987148, "x_coord": 0.07756316789671953, "next_station": 40, "ln_coord": 30.255163, "line": 3, "prev_time": null, "lt_coord": 59.989433}, "model": "app.station", "pk": 39}, {"fields": {"next_time": null, "name": "\u041a\u0440\u0435\u0441\u0442\u043e\u0432\u0441\u043a\u0438\u0439 \u043e\u0441\u0442\u0440\u043e\u0432", "y_coord": 0.5987968416038241, "x_coord": 0.09357957037208889, "next_station": 41, "ln_coord": 30.259436, "line": 3, "prev_time": null, "lt_coord": 59.971821}, "model": "app.station", "pk": 40}, {"fields": {"next_time": null, "name": "\u0427\u043a\u0430\u043b\u043e\u0432\u0441\u043a\u0430\u044f", "y_coord": 0.5533179601111403, "x_coord": 0.21566106548620476, "next_station": 42, "ln_coord": 30.292006, "line": 3, "prev_time": null, "lt_coord": 59.961033}, "model": "app.station", "pk": 41}, {"fields": {"next_time": null, "name": "\u0421\u043f\u043e\u0440\u0442\u0438\u0432\u043d\u0430\u044f", "y_coord": 0.5153472254425401, "x_coord": 0.21315721412801156, "next_station": 43, "ln_coord": 30.291338, "line": 3, "prev_time": null, "lt_coord": 59.952026}, "model": "app.station", "pk": 42}, {"fields": {"next_time": null, "name": "\u0421\u0430\u0434\u043e\u0432\u0430\u044f", "y_coord": 0.4087450307534738, "x_coord": 0.31216804291030825, "next_station": 44, "ln_coord": 30.317753, "line": 3, "prev_time": null, "lt_coord": 59.926739}, "model": "app.station", "pk": 43}, {"fields": {"next_time": null, "name": "\u0417\u0432\u0435\u043d\u0438\u0433\u043e\u0440\u043e\u0434\u0441\u043a\u0430\u044f", "y_coord": 0.390465791770151, "x_coord": 0.3788087214990091, "next_station": 45, "ln_coord": 30.335532, "line": 3, "prev_time": null, "lt_coord": 59.922403}, "model": "app.station", "pk": 44}, {"fields": {"next_time": null, "name": "\u0412\u043e\u043b\u043a\u043e\u0432\u0441\u043a\u0430\u044f", "y_coord": 0.27925584611040294, "x_coord": 0.4613008782221111, "next_station": null, "ln_coord": 30.35754, "line": 3, "prev_time": null, "lt_coord": 59.896023}, "model": "app.station", "pk": 45}, {"fields": {"next_time": null, "name": "\u0421\u043f\u0430\u0441\u0441\u043a\u0430\u044f", "y_coord": 0.40982516568595234, "x_coord": 0.3233834732407608, "next_station": 47, "ln_coord": 30.32074515344243, "line": 4, "prev_time": null, "lt_coord": 59.926995217727196}, "model": "app.station", "pk": 46}, {"fields": {"next_time": null, "name": "\u0414\u043e\u0441\u0442\u043e\u0435\u0432\u0441\u043a\u0430\u044f", "y_coord": 0.41504748976643524, "x_coord": 0.4181544216590641, "next_station": 48, "ln_coord": 30.346029, "line": 4, "prev_time": null, "lt_coord": 59.928234}, "model": "app.station", "pk": 47}, {"fields": {"next_time": null, "name": "\u041b\u0438\u0433\u043e\u0432\u0441\u043a\u0438\u0439 \u043f\u0440\u043e\u0441\u043f\u0435\u043a\u0442", "y_coord": 0.3837544106674009, "x_coord": 0.45198640123842704, "next_station": 49, "ln_coord": 30.355055, "line": 4, "prev_time": null, "lt_coord": 59.920811}, "model": "app.station", "pk": 48}, {"fields": {"next_time": null, "name": "\u041f\u043b\u043e\u0449\u0430\u0434\u044c \u0410\u043b\u0435\u043a\u0441\u0430\u043d\u0434\u0440\u0430 \u041d\u0435\u0432\u0441\u043a\u043e\u0433\u043e-2", "y_coord": 0.3955962885050848, "x_coord": 0.5602592310777385, "next_station": 50, "ln_coord": 30.383941, "line": 4, "prev_time": null, "lt_coord": 59.92362}, "model": "app.station", "pk": 49}, {"fields": {"next_time": null, "name": "\u041d\u043e\u0432\u043e\u0447\u0435\u0440\u043a\u0430\u0441\u0441\u043a\u0430\u044f", "y_coord": 0.41866455319992135, "x_coord": 0.665113629122637, "next_station": 51, "ln_coord": 30.411915, "line": 4, "prev_time": null, "lt_coord": 59.929092}, "model": "app.station", "pk": 50}, {"fields": {"next_time": null, "name": "\u041b\u0430\u0434\u043e\u0436\u0441\u043a\u0430\u044f", "y_coord": 0.4327365319191074, "x_coord": 0.7676628346745925, "next_station": 52, "ln_coord": 30.439274, "line": 4, "prev_time": null, "lt_coord": 59.93243}, "model": "app.station", "pk": 51}, {"fields": {"next_time": null, "name": "\u041f\u0440\u043e\u0441\u043f\u0435\u043a\u0442 \u0411\u043e\u043b\u044c\u0448\u0435\u0432\u0438\u043a\u043e\u0432", "y_coord": 0.37965254269442394, "x_coord": 0.8706768270056116, "next_station": 53, "ln_coord": 30.466757, "line": 4, "prev_time": null, "lt_coord": 59.919838}, "model": "app.station", "pk": 52}, {"fields": {"next_time": null, "name": "\u0423\u043b\u0438\u0446\u0430 \u0414\u044b\u0431\u0435\u043d\u043a\u043e", "y_coord": 0.3272894367414616, "x_coord": 0.9327258620108004, "next_station": null, "ln_coord": 30.483311, "line": 4, "prev_time": null, "lt_coord": 59.907417}, "model": "app.station", "pk": 53}, {"fields": {"next_time": null, "name": "\u041f\u0440\u0438\u043c\u043e\u0440\u0441\u043a\u0430\u044f", "y_coord": 0.50057122621824, "x_coord": 0.0, "next_station": 55, "ln_coord": 30.23447, "line": 5, "prev_time": null, "lt_coord": 59.948521}, "model": "app.station", "pk": 54}, {"fields": {"next_time": null, "name": "\u0412\u0430\u0441\u0438\u043b\u0435\u043e\u0441\u0442\u0440\u043e\u0432\u0441\u043a\u0430\u044f", "y_coord": 0.47551315506579855, "x_coord": 0.16411471237569328, "next_station": 56, "ln_coord": 30.278254, "line": 5, "prev_time": null, "lt_coord": 59.942577}, "model": "app.station", "pk": 55}, {"fields": {"next_time": null, "name": "\u0413\u043e\u0441\u0442\u0438\u043d\u044b\u0439 \u0434\u0432\u043e\u0440", "y_coord": 0.43907271646525314, "x_coord": 0.3708548703282339, "next_station": 57, "ln_coord": 30.33341, "line": 5, "prev_time": null, "lt_coord": 59.933933}, "model": "app.station", "pk": 56}, {"fields": {"next_time": null, "name": "\u041c\u0430\u044f\u043a\u043e\u0432\u0441\u043a\u0430\u044f", "y_coord": 0.4282510360062225, "x_coord": 0.45044960624313607, "next_station": 58, "ln_coord": 30.354645, "line": 5, "prev_time": null, "lt_coord": 59.931366}, "model": "app.station", "pk": 57}, {"fields": {"next_time": null, "name": "\u041f\u043b\u043e\u0449\u0430\u0434\u044c \u0410\u043b\u0435\u043a\u0441\u0430\u043d\u0434\u0440\u0430 \u041d\u0435\u0432\u0441\u043a\u043e\u0433\u043e-1", "y_coord": 0.39867795909937853, "x_coord": 0.567658336738019, "next_station": 59, "ln_coord": 30.385915, "line": 5, "prev_time": null, "lt_coord": 59.924351}, "model": "app.station", "pk": 58}, {"fields": {"next_time": null, "name": "\u0415\u043b\u0438\u0437\u0430\u0440\u043e\u0432\u0441\u043a\u0430\u044f", "y_coord": 0.2820677124392521, "x_coord": 0.7091221901952477, "next_station": 60, "ln_coord": 30.423656, "line": 5, "prev_time": null, "lt_coord": 59.89669}, "model": "app.station", "pk": 59}, {"fields": {"next_time": null, "name": "\u041b\u043e\u043c\u043e\u043d\u043e\u0441\u043e\u0432\u0441\u043a\u0430\u044f", "y_coord": 0.20050251044438339, "x_coord": 0.7768123873173083, "next_station": 61, "ln_coord": 30.441715, "line": 5, "prev_time": null, "lt_coord": 59.877342}, "model": "app.station", "pk": 60}, {"fields": {"next_time": null, "name": "\u041f\u0440\u043e\u043b\u0435\u0442\u0430\u0440\u0441\u043a\u0430\u044f", "y_coord": 0.14937881783575743, "x_coord": 0.8838220466361025, "next_station": 62, "ln_coord": 30.470264, "line": 5, "prev_time": null, "lt_coord": 59.865215}, "model": "app.station", "pk": 61}, {"fields": {"next_time": null, "name": "\u041e\u0431\u0443\u0445\u043e\u0432\u043e", "y_coord": 0.07979461150294676, "x_coord": 0.8368898267919574, "next_station": 63, "ln_coord": 30.457743, "line": 5, "prev_time": null, "lt_coord": 59.848709}, "model": "app.station", "pk": 62}, {"fields": {"next_time": null, "name": "\u0420\u044b\u0431\u0430\u0446\u043a\u043e\u0435", "y_coord": 0.005079908435202272, "x_coord": 1.0, "next_station": null, "ln_coord": 30.501259, "line": 5, "prev_time": null, "lt_coord": 59.830986}, "model": "app.station", "pk": 63}, {"fields": {"to_station": 46, "from_station": 29, "time": 300}, "model": "app.transition", "pk": 1}, {"fields": {"to_station": 29, "from_station": 46, "time": 300}, "model": "app.transition", "pk": 2}, {"fields": {"to_station": 29, "from_station": 43, "time": 300}, "model": "app.transition", "pk": 3}, {"fields": {"to_station": 43, "from_station": 29, "time": 300}, "model": "app.transition", "pk": 4}, {"fields": {"to_station": 12, "from_station": 44, "time": 300}, "model": "app.transition", "pk": 5}, {"fields": {"to_station": 44, "from_station": 12, "time": 300}, "model": "app.transition", "pk": 6}, {"fields": {"to_station": 30, "from_station": 13, "time": 300}, "model": "app.transition", "pk": 7}, {"fields": {"to_station": 13, "from_station": 30, "time": 300}, "model": "app.transition", "pk": 8}, {"fields": {"to_station": 47, "from_station": 11, "time": 300}, "model": "app.transition", "pk": 9}, {"fields": {"to_station": 11, "from_station": 47, "time": 300}, "model": "app.transition", "pk": 10}, {"fields": {"to_station": 10, "from_station": 57, "time": 300}, "model": "app.transition", "pk": 11}, {"fields": {"to_station": 57, "from_station": 10, "time": 300}, "model": "app.transition", "pk": 12}, {"fields": {"to_station": 56, "from_station": 28, "time": 300}, "model": "app.transition", "pk": 13}, {"fields": {"to_station": 28, "from_station": 56, "time": 300}, "model": "app.transition", "pk": 14}, {"fields": {"to_station": 58, "from_station": 49, "time": 300}, "model": "app.transition", "pk": 15}, {"fields": {"to_station": 49, "from_station": 58, "time": 300}, "model": "app.transition", "pk": 16}, {"fields": {"codename": "add_logentry", "name": "Can add log entry", "content_type": 1}, "model": "auth.permission", "pk": 1}, {"fields": {"codename": "change_logentry", "name": "Can change log entry", "content_type": 1}, "model": "auth.permission", "pk": 2}, {"fields": {"codename": "delete_logentry", "name": "Can delete log entry", "content_type": 1}, "model": "auth.permission", "pk": 3}, {"fields": {"codename": "add_permission", "name": "Can add permission", "content_type": 2}, "model": "auth.permission", "pk": 4}, {"fields": {"codename": "change_permission", "name": "Can change permission", "content_type": 2}, "model": "auth.permission", "pk": 5}, {"fields": {"codename": "delete_permission", "name": "Can delete permission", "content_type": 2}, "model": "auth.permission", "pk": 6}, {"fields": {"codename": "add_group", "name": "Can add group", "content_type": 3}, "model": "auth.permission", "pk": 7}, {"fields": {"codename": "change_group", "name": "Can change group", "content_type": 3}, "model": "auth.permission", "pk": 8}, {"fields": {"codename": "delete_group", "name": "Can delete group", "content_type": 3}, "model": "auth.permission", "pk": 9}, {"fields": {"codename": "add_user", "name": "Can add user", "content_type": 4}, "model": "auth.permission", "pk": 10}, {"fields": {"codename": "change_user", "name": "Can change user", "content_type": 4}, "model": "auth.permission", "pk": 11}, {"fields": {"codename": "delete_user", "name": "Can delete user", "content_type": 4}, "model": "auth.permission", "pk": 12}, {"fields": {"codename": "add_contenttype", "name": "Can add content type", "content_type": 5}, "model": "auth.permission", "pk": 13}, {"fields": {"codename": "change_contenttype", "name": "Can change content type", "content_type": 5}, "model": "auth.permission", "pk": 14}, {"fields": {"codename": "delete_contenttype", "name": "Can delete content type", "content_type": 5}, "model": "auth.permission", "pk": 15}, {"fields": {"codename": "add_session", "name": "Can add session", "content_type": 6}, "model": "auth.permission", "pk": 16}, {"fields": {"codename": "change_session", "name": "Can change session", "content_type": 6}, "model": "auth.permission", "pk": 17}, {"fields": {"codename": "delete_session", "name": "Can delete session", "content_type": 6}, "model": "auth.permission", "pk": 18}, {"fields": {"codename": "add_city", "name": "Can add city", "content_type": 7}, "model": "auth.permission", "pk": 19}, {"fields": {"codename": "change_city", "name": "Can change city", "content_type": 7}, "model": "auth.permission", "pk": 20}, {"fields": {"codename": "delete_city", "name": "Can delete city", "content_type": 7}, "model": "auth.permission", "pk": 21}, {"fields": {"codename": "add_line", "name": "Can add line", "content_type": 8}, "model": "auth.permission", "pk": 22}, {"fields": {"codename": "change_line", "name": "Can change line", "content_type": 8}, "model": "auth.permission", "pk": 23}, {"fields": {"codename": "delete_line", "name": "Can delete line", "content_type": 8}, "model": "auth.permission", "pk": 24}, {"fields": {"codename": "add_station", "name": "Can add station", "content_type": 9}, "model": "auth.permission", "pk": 25}, {"fields": {"codename": "change_station", "name": "Can change station", "content_type": 9}, "model": "auth.permission", "pk": 26}, {"fields": {"codename": "delete_station", "name": "Can delete station", "content_type": 9}, "model": "auth.permission", "pk": 27}, {"fields": {"codename": "add_transition", "name": "Can add transition", "content_type": 10}, "model": "auth.permission", "pk": 28}, {"fields": {"codename": "change_transition", "name": "Can change transition", "content_type": 10}, "model": "auth.permission", "pk": 29}, {"fields": {"codename": "delete_transition", "name": "Can delete transition", "content_type": 10}, "model": "auth.permission", "pk": 30}, {"fields": {"username": "admin", "first_name": "admin", "last_name": "", "is_active": true, "is_superuser": true, "is_staff": true, "last_login": "2014-11-07T06:32:00.095Z", "groups": [], "user_permissions": [], "password": "pbkdf2_sha256$12000$juwJirbT5HTu$iuLMGRNg+JntiacpXovy7ZpcZLggZZlPbd3tkHhgGPY=", "email": "admin@metro.omsk.ru", "date_joined": "2014-11-07T06:31:16Z"}, "model": "auth.user", "pk": 1}]