[{"fields": {"model": "logentry", "name": "log entry", "app_label": "admin"}, "model": "contenttypes.contenttype", "pk": 1}, {"fields": {"model": "permission", "name": "permission", "app_label": "auth"}, "model": "contenttypes.contenttype", "pk": 2}, {"fields": {"model": "group", "name": "group", "app_label": "auth"}, "model": "contenttypes.contenttype", "pk": 3}, {"fields": {"model": "user", "name": "user", "app_label": "auth"}, "model": "contenttypes.contenttype", "pk": 4}, {"fields": {"model": "contenttype", "name": "content type", "app_label": "contenttypes"}, "model": "contenttypes.contenttype", "pk": 5}, {"fields": {"model": "session", "name": "session", "app_label": "sessions"}, "model": "contenttypes.contenttype", "pk": 6}, {"fields": {"model": "city", "name": "city", "app_label": "app"}, "model": "contenttypes.contenttype", "pk": 7}, {"fields": {"model": "line", "name": "line", "app_label": "app"}, "model": "contenttypes.contenttype", "pk": 8}, {"fields": {"model": "station", "name": "station", "app_label": "app"}, "model": "contenttypes.contenttype", "pk": 9}, {"fields": {"model": "transition", "name": "transition", "app_label": "app"}, "model": "contenttypes.contenttype", "pk": 10}, {"fields": {"expire_date": "2014-11-21T09:58:45.885Z", "session_data": "ZWMwYjM3N2Y0ZGZiNmQwNThkNjQxNjA5MjBkMDA4ZjFiMWNlNGQwMTp7fQ=="}, "model": "sessions.session", "pk": "6vjdvte563doo97npn181aum6ms41v6r"}, {"fields": {"expire_date": "2014-11-21T06:32:00.153Z", "session_data": "MmRlMDlmMmQ2MzFmMjdiYTdjOTY0NWFmYWU3ZWE0MDFhN2Y0MGZiNzp7Il9hdXRoX3VzZXJfaGFzaCI6IjJjMjcwNzY0NzFlMTgzNTM3YTEwOWEzMzY0NDg2Yzc2NTNhZWZhMzgiLCJfYXV0aF91c2VyX2JhY2tlbmQiOiJkamFuZ28uY29udHJpYi5hdXRoLmJhY2tlbmRzLk1vZGVsQmFja2VuZCIsIl9hdXRoX3VzZXJfaWQiOjJ9"}, "model": "sessions.session", "pk": "qjb0v4kuyjuxgv9izrn9wcuhg2t4fylh"}, {"fields": {"expire_date": "2014-11-20T13:30:56.100Z", "session_data": "ZWEwNTc1MTFmYzk3ZmVjYjQ5ZDY1N2U0MmU5NDc5Y2RhNmE2N2FhNDp7Il9hdXRoX3VzZXJfaGFzaCI6ImQ1NDY2MDY5ZTlhNjE5Y2QxNTQ4ZmZjYmM5ZTAyYWY3MzhjOGIyM2EiLCJfYXV0aF91c2VyX2JhY2tlbmQiOiJkamFuZ28uY29udHJpYi5hdXRoLmJhY2tlbmRzLk1vZGVsQmFja2VuZCIsIl9hdXRoX3VzZXJfaWQiOjF9"}, "model": "sessions.session", "pk": "rl0dqld4lgu202wioao7ns4er5niu9kq"}, {"fields": {"name": "\u041e\u043c\u0441\u043a", "bottom_coord": -400.0, "left_coord": 400.0, "ln_coord": 73.367354, "top_coord": 400.0, "lt_coord": 54.987864, "right_coord": -400.0}, "model": "app.city", "pk": 1}, {"fields": {"name": "\u0421\u0430\u043d\u043a\u0442-\u041f\u0435\u0442\u0435\u0440\u0431\u0443\u0440\u0433", "bottom_coord": 60.06699, "left_coord": 30.23447, "ln_coord": 30.313126, "top_coord": 59.829781, "lt_coord": 59.94116, "right_coord": 30.501259}, "model": "app.city", "pk": 2}, {"fields": {"color": "#FF0000", "city": 2, "name": "\u041a\u0440\u0430\u0441\u043d\u0430\u044f"}, "model": "app.line", "pk": 1}, {"fields": {"color": "#0000FF", "city": 2, "name": "\u0421\u0438\u043d\u044f\u044f"}, "model": "app.line", "pk": 2}, {"fields": {"color": "#5A009D", "city": 2, "name": "\u0424\u0438\u043e\u043b\u0435\u0442\u043e\u0432\u0430\u044f"}, "model": "app.line", "pk": 3}, {"fields": {"color": "#FF5300", "city": 2, "name": "\u041e\u0440\u0430\u043d\u0436\u0435\u0432\u0430\u044f"}, "model": "app.line", "pk": 4}, {"fields": {"color": "#00FF00", "city": 2, "name": "\u0417\u0435\u043b\u0435\u043d\u0430\u044f"}, "model": "app.line", "pk": 5}, {"fields": {"next_time": 300, "name": "\u0414\u0435\u0432\u044f\u0442\u043a\u0438\u043d\u043e", "next_station": 2, "ln_coord": 30.443045, "line": 1, "prev_time": 300, "lt_coord": 60.050182}, "model": "app.station", "pk": 1}, {"fields": {"next_time": 300, "name": "\u0413\u0440\u0430\u0436\u0434\u0430\u043d\u0441\u043a\u0438\u0439 \u043f\u0440\u043e\u0441\u043f\u0435\u043a\u0442", "next_station": 3, "ln_coord": 30.418224, "line": 1, "prev_time": 300, "lt_coord": 60.034969}, "model": "app.station", "pk": 2}, {"fields": {"next_time": 300, "name": "\u0410\u043a\u0430\u0434\u0435\u043c\u0438\u0447\u0435\u0441\u043a\u0430\u044f", "next_station": 4, "ln_coord": 30.396044, "line": 1, "prev_time": 300, "lt_coord": 60.012806}, "model": "app.station", "pk": 3}, {"fields": {"next_time": 300, "name": "\u041f\u043e\u043b\u0438\u0442\u0435\u0445\u043d\u0438\u0447\u0435\u0441\u043a\u0430\u044f", "next_station": 5, "ln_coord": 30.370907, "line": 1, "prev_time": 300, "lt_coord": 60.008942}, "model": "app.station", "pk": 4}, {"fields": {"next_time": 300, "name": "\u041f\u043b\u043e\u0449\u0430\u0434\u044c \u041c\u0443\u0436\u0435\u0441\u0442\u0432\u0430", "next_station": 6, "ln_coord": 30.366159, "line": 1, "prev_time": 300, "lt_coord": 59.999828}, "model": "app.station", "pk": 5}, {"fields": {"next_time": 300, "name": "\u041b\u0435\u0441\u043d\u0430\u044f", "next_station": 7, "ln_coord": 30.344259, "line": 1, "prev_time": 300, "lt_coord": 59.984947}, "model": "app.station", "pk": 6}, {"fields": {"next_time": 300, "name": "\u0412\u044b\u0431\u043e\u0440\u0433\u0441\u043a\u0430\u044f", "next_station": 8, "ln_coord": 30.348478, "line": 1, "prev_time": 300, "lt_coord": 59.971649}, "model": "app.station", "pk": 7}, {"fields": {"next_time": 300, "name": "\u041f\u043b\u043e\u0449\u0430\u0434\u044c \u041b\u0435\u043d\u0438\u043d\u0430", "next_station": 9, "ln_coord": 30.355383, "line": 1, "prev_time": 300, "lt_coord": 59.95726}, "model": "app.station", "pk": 8}, {"fields": {"next_time": 300, "name": "\u0427\u0435\u0440\u043d\u044b\u0448\u0435\u0432\u0441\u043a\u0430\u044f", "next_station": 10, "ln_coord": 30.359919, "line": 1, "prev_time": 300, "lt_coord": 59.94453}, "model": "app.station", "pk": 9}, {"fields": {"next_time": 300, "name": "\u041f\u043b\u043e\u0449\u0430\u0434\u044c \u0412\u043e\u0441\u0441\u0442\u0430\u043d\u0438\u044f", "next_station": 11, "ln_coord": 30.360521829361005, "line": 1, "prev_time": 300, "lt_coord": 59.93150464162035}, "model": "app.station", "pk": 10}, {"fields": {"next_time": 300, "name": "\u0412\u043b\u0430\u0434\u0438\u043c\u0438\u0440\u0441\u043a\u0430\u044f", "next_station": 12, "ln_coord": 30.347898, "line": 1, "prev_time": 300, "lt_coord": 59.927628}, "model": "app.station", "pk": 11}, {"fields": {"next_time": 300, "name": "\u041f\u0443\u0448\u043a\u0438\u043d\u0441\u043a\u0430\u044f", "next_station": 13, "ln_coord": 30.329299, "line": 1, "prev_time": 300, "lt_coord": 59.920736}, "model": "app.station", "pk": 12}, {"fields": {"next_time": 300, "name": "\u0422\u0435\u0445\u043d\u043e\u043b\u043e\u0433\u0438\u0447\u0435\u0441\u043a\u0438\u0439 \u0438\u043d\u0441\u0442\u0438\u0442\u0443\u0442-1", "next_station": 14, "ln_coord": 30.318299, "line": 1, "prev_time": 300, "lt_coord": 59.916517}, "model": "app.station", "pk": 13}, {"fields": {"next_time": 300, "name": "\u0411\u0430\u043b\u0442\u0438\u0439\u0441\u043a\u0430\u044f", "next_station": 15, "ln_coord": 30.299578, "line": 1, "prev_time": 300, "lt_coord": 59.907211}, "model": "app.station", "pk": 14}, {"fields": {"next_time": 300, "name": "\u041d\u0430\u0440\u0432\u0441\u043a\u0430\u044f", "next_station": 16, "ln_coord": 30.274908, "line": 1, "prev_time": 300, "lt_coord": 59.901218}, "model": "app.station", "pk": 15}, {"fields": {"next_time": 300, "name": "\u041a\u0438\u0440\u043e\u0432\u0441\u043a\u0438\u0439 \u0437\u0430\u0432\u043e\u0434", "next_station": 17, "ln_coord": 30.261921, "line": 1, "prev_time": 300, "lt_coord": 59.879688}, "model": "app.station", "pk": 16}, {"fields": {"next_time": 300, "name": "\u0410\u0432\u0442\u043e\u0432\u043e", "next_station": 18, "ln_coord": 30.261337, "line": 1, "prev_time": 300, "lt_coord": 59.867325}, "model": "app.station", "pk": 17}, {"fields": {"next_time": 300, "name": "\u041b\u0435\u043d\u0438\u043d\u0441\u043a\u0438\u0439 \u043f\u0440\u043e\u0441\u043f\u0435\u043a\u0442", "next_station": 19, "ln_coord": 30.268274, "line": 1, "prev_time": 300, "lt_coord": 59.85117}, "model": "app.station", "pk": 18}, {"fields": {"next_time": null, "name": "\u041f\u0440\u043e\u0441\u043f\u0435\u043a\u0442 \u0412\u0435\u0442\u0435\u0440\u0430\u043d\u043e\u0432", "next_station": null, "ln_coord": 30.251949, "line": 1, "prev_time": null, "lt_coord": 59.841835}, "model": "app.station", "pk": 19}, {"fields": {"next_time": 300, "name": "\u041f\u0430\u0440\u043d\u0430\u0441", "next_station": 21, "ln_coord": 30.333839, "line": 2, "prev_time": 300, "lt_coord": 60.06699}, "model": "app.station", "pk": 20}, {"fields": {"next_time": 300, "name": "\u041f\u0440\u043e\u0441\u043f\u0435\u043a\u0442 \u041f\u0440\u043e\u0441\u0432\u0435\u0449\u0435\u043d\u0438\u044f", "next_station": 22, "ln_coord": 30.332544, "line": 2, "prev_time": 300, "lt_coord": 60.051456}, "model": "app.station", "pk": 21}, {"fields": {"next_time": 300, "name": "\u041e\u0437\u0435\u0440\u043a\u0438", "next_station": 23, "ln_coord": 30.321495, "line": 2, "prev_time": 300, "lt_coord": 60.037098}, "model": "app.station", "pk": 22}, {"fields": {"next_time": 300, "name": "\u0423\u0434\u0435\u043b\u044c\u043d\u0430\u044f", "next_station": 24, "ln_coord": 30.315607, "line": 2, "prev_time": 300, "lt_coord": 60.016697}, "model": "app.station", "pk": 23}, {"fields": {"next_time": 300, "name": "\u041f\u0438\u043e\u043d\u0435\u0440\u0441\u043a\u0430\u044f", "next_station": 25, "ln_coord": 30.296759, "line": 2, "prev_time": 300, "lt_coord": 60.002487}, "model": "app.station", "pk": 24}, {"fields": {"next_time": 300, "name": "\u0427\u0451\u0440\u043d\u0430\u044f \u0440\u0435\u0447\u043a\u0430", "next_station": 26, "ln_coord": 30.300833, "line": 2, "prev_time": 300, "lt_coord": 59.985455}, "model": "app.station", "pk": 25}, {"fields": {"next_time": 300, "name": "\u041f\u0435\u0442\u0440\u043e\u0433\u0440\u0430\u0434\u0441\u043a\u0430\u044f", "next_station": 27, "ln_coord": 30.311293, "line": 2, "prev_time": 300, "lt_coord": 59.966389}, "model": "app.station", "pk": 26}, {"fields": {"next_time": 300, "name": "\u0413\u043e\u0440\u044c\u043a\u043e\u0432\u0441\u043a\u0430\u044f", "next_station": 28, "ln_coord": 30.31889, "line": 2, "prev_time": 300, "lt_coord": 59.956112}, "model": "app.station", "pk": 27}, {"fields": {"next_time": 300, "name": "\u041d\u0435\u0432\u0441\u043a\u0438\u0439 \u043f\u0440\u043e\u0441\u043f\u0435\u043a\u0442", "next_station": 29, "ln_coord": 30.329725, "line": 2, "prev_time": 300, "lt_coord": 59.935051}, "model": "app.station", "pk": 28}, {"fields": {"next_time": 300, "name": "\u0421\u0435\u043d\u043d\u0430\u044f \u043f\u043b\u043e\u0449\u0430\u0434\u044c", "next_station": 30, "ln_coord": 30.320316, "line": 2, "prev_time": 300, "lt_coord": 59.927135}, "model": "app.station", "pk": 29}, {"fields": {"next_time": 300, "name": "\u0422\u0435\u0445\u043d\u043e\u043b\u043e\u0433\u0438\u0447\u0435\u0441\u043a\u0438\u0439 \u0438\u043d\u0441\u0442\u0438\u0442\u0443\u0442-2", "next_station": 31, "ln_coord": 30.318428, "line": 2, "prev_time": 300, "lt_coord": 59.916557}, "model": "app.station", "pk": 30}, {"fields": {"next_time": 300, "name": "\u0424\u0440\u0443\u043d\u0437\u0435\u043d\u0441\u043a\u0430\u044f", "next_station": 32, "ln_coord": 30.31745, "line": 2, "prev_time": 300, "lt_coord": 59.906273}, "model": "app.station", "pk": 31}, {"fields": {"next_time": 300, "name": "\u041c\u043e\u0441\u043a\u043e\u0432\u0441\u043a\u0438\u0435 \u0432\u043e\u0440\u043e\u0442\u0430", "next_station": 33, "ln_coord": 30.317873, "line": 2, "prev_time": 300, "lt_coord": 59.891788}, "model": "app.station", "pk": 32}, {"fields": {"next_time": 300, "name": "\u042d\u043b\u0435\u043a\u0442\u0440\u043e\u0441\u0438\u043b\u0430", "next_station": 34, "ln_coord": 30.318659, "line": 2, "prev_time": 300, "lt_coord": 59.879189}, "model": "app.station", "pk": 33}, {"fields": {"next_time": 300, "name": "\u041f\u0430\u0440\u043a \u041f\u043e\u0431\u0435\u0434\u044b", "next_station": 35, "ln_coord": 30.321802, "line": 2, "prev_time": 300, "lt_coord": 59.866344}, "model": "app.station", "pk": 34}, {"fields": {"next_time": 300, "name": "\u041c\u043e\u0441\u043a\u043e\u0432\u0441\u043a\u0430\u044f", "next_station": 36, "ln_coord": 30.321548, "line": 2, "prev_time": 300, "lt_coord": 59.851341}, "model": "app.station", "pk": 35}, {"fields": {"next_time": 300, "name": "\u0417\u0432\u0451\u0437\u0434\u043d\u0430\u044f", "next_station": 37, "ln_coord": 30.349428, "line": 2, "prev_time": 300, "lt_coord": 59.833241}, "model": "app.station", "pk": 36}, {"fields": {"next_time": null, "name": "\u041a\u0443\u043f\u0447\u0438\u043d\u043e", "next_station": null, "ln_coord": 30.375702, "line": 2, "prev_time": null, "lt_coord": 59.829781}, "model": "app.station", "pk": 37}, {"fields": {"next_time": 300, "name": "\u041a\u043e\u043c\u0435\u043d\u0434\u0430\u043d\u0442\u0441\u043a\u0438\u0439 \u043f\u0440\u043e\u0441\u043f\u0435\u043a\u0442", "next_station": 39, "ln_coord": 30.258663, "line": 3, "prev_time": 300, "lt_coord": 60.008591}, "model": "app.station", "pk": 38}, {"fields": {"next_time": 300, "name": "\u0421\u0442\u0430\u0440\u0430\u044f \u0414\u0435\u0440\u0435\u0432\u043d\u044f", "next_station": 40, "ln_coord": 30.255163, "line": 3, "prev_time": 300, "lt_coord": 59.989433}, "model": "app.station", "pk": 39}, {"fields": {"next_time": 300, "name": "\u041a\u0440\u0435\u0441\u0442\u043e\u0432\u0441\u043a\u0438\u0439 \u043e\u0441\u0442\u0440\u043e\u0432", "next_station": 41, "ln_coord": 30.259436, "line": 3, "prev_time": 300, "lt_coord": 59.971821}, "model": "app.station", "pk": 40}, {"fields": {"next_time": 300, "name": "\u0427\u043a\u0430\u043b\u043e\u0432\u0441\u043a\u0430\u044f", "next_station": 42, "ln_coord": 30.292006, "line": 3, "prev_time": 300, "lt_coord": 59.961033}, "model": "app.station", "pk": 41}, {"fields": {"next_time": 300, "name": "\u0421\u043f\u043e\u0440\u0442\u0438\u0432\u043d\u0430\u044f", "next_station": 43, "ln_coord": 30.291338, "line": 3, "prev_time": 300, "lt_coord": 59.952026}, "model": "app.station", "pk": 42}, {"fields": {"next_time": 300, "name": "\u0421\u0430\u0434\u043e\u0432\u0430\u044f", "next_station": 44, "ln_coord": 30.317753, "line": 3, "prev_time": 300, "lt_coord": 59.926739}, "model": "app.station", "pk": 43}, {"fields": {"next_time": 300, "name": "\u0417\u0432\u0435\u043d\u0438\u0433\u043e\u0440\u043e\u0434\u0441\u043a\u0430\u044f", "next_station": 45, "ln_coord": 30.335532, "line": 3, "prev_time": 300, "lt_coord": 59.922403}, "model": "app.station", "pk": 44}, {"fields": {"next_time": null, "name": "\u0412\u043e\u043b\u043a\u043e\u0432\u0441\u043a\u0430\u044f", "next_station": null, "ln_coord": 30.35754, "line": 3, "prev_time": null, "lt_coord": 59.896023}, "model": "app.station", "pk": 45}, {"fields": {"next_time": 300, "name": "\u0421\u043f\u0430\u0441\u0441\u043a\u0430\u044f", "next_station": 47, "ln_coord": 30.32074515344243, "line": 4, "prev_time": 300, "lt_coord": 59.926995217727196}, "model": "app.station", "pk": 46}, {"fields": {"next_time": 300, "name": "\u0414\u043e\u0441\u0442\u043e\u0435\u0432\u0441\u043a\u0430\u044f", "next_station": 48, "ln_coord": 30.346029, "line": 4, "prev_time": 300, "lt_coord": 59.928234}, "model": "app.station", "pk": 47}, {"fields": {"next_time": 300, "name": "\u041b\u0438\u0433\u043e\u0432\u0441\u043a\u0438\u0439 \u043f\u0440\u043e\u0441\u043f\u0435\u043a\u0442", "next_station": 49, "ln_coord": 30.355055, "line": 4, "prev_time": 300, "lt_coord": 59.920811}, "model": "app.station", "pk": 48}, {"fields": {"next_time": 300, "name": "\u041f\u043b\u043e\u0449\u0430\u0434\u044c \u0410\u043b\u0435\u043a\u0441\u0430\u043d\u0434\u0440\u0430 \u041d\u0435\u0432\u0441\u043a\u043e\u0433\u043e-2", "next_station": 50, "ln_coord": 30.383941, "line": 4, "prev_time": 300, "lt_coord": 59.92362}, "model": "app.station", "pk": 49}, {"fields": {"next_time": 300, "name": "\u041d\u043e\u0432\u043e\u0447\u0435\u0440\u043a\u0430\u0441\u0441\u043a\u0430\u044f", "next_station": 51, "ln_coord": 30.411915, "line": 4, "prev_time": 300, "lt_coord": 59.929092}, "model": "app.station", "pk": 50}, {"fields": {"next_time": 300, "name": "\u041b\u0430\u0434\u043e\u0436\u0441\u043a\u0430\u044f", "next_station": 52, "ln_coord": 30.439274, "line": 4, "prev_time": 300, "lt_coord": 59.93243}, "model": "app.station", "pk": 51}, {"fields": {"next_time": 300, "name": "\u041f\u0440\u043e\u0441\u043f\u0435\u043a\u0442 \u0411\u043e\u043b\u044c\u0448\u0435\u0432\u0438\u043a\u043e\u0432", "next_station": 53, "ln_coord": 30.466757, "line": 4, "prev_time": 300, "lt_coord": 59.919838}, "model": "app.station", "pk": 52}, {"fields": {"next_time": null, "name": "\u0423\u043b\u0438\u0446\u0430 \u0414\u044b\u0431\u0435\u043d\u043a\u043e", "next_station": null, "ln_coord": 30.483311, "line": 4, "prev_time": null, "lt_coord": 59.907417}, "model": "app.station", "pk": 53}, {"fields": {"next_time": 300, "name": "\u041f\u0440\u0438\u043c\u043e\u0440\u0441\u043a\u0430\u044f", "next_station": 55, "ln_coord": 30.23447, "line": 5, "prev_time": 300, "lt_coord": 59.948521}, "model": "app.station", "pk": 54}, {"fields": {"next_time": 300, "name": "\u0412\u0430\u0441\u0438\u043b\u0435\u043e\u0441\u0442\u0440\u043e\u0432\u0441\u043a\u0430\u044f", "next_station": 56, "ln_coord": 30.278254, "line": 5, "prev_time": 300, "lt_coord": 59.942577}, "model": "app.station", "pk": 55}, {"fields": {"next_time": 300, "name": "\u0413\u043e\u0441\u0442\u0438\u043d\u044b\u0439 \u0434\u0432\u043e\u0440", "next_station": 57, "ln_coord": 30.33341, "line": 5, "prev_time": 300, "lt_coord": 59.933933}, "model": "app.station", "pk": 56}, {"fields": {"next_time": 300, "name": "\u041c\u0430\u044f\u043a\u043e\u0432\u0441\u043a\u0430\u044f", "next_station": 58, "ln_coord": 30.354645, "line": 5, "prev_time": 300, "lt_coord": 59.931366}, "model": "app.station", "pk": 57}, {"fields": {"next_time": 300, "name": "\u041f\u043b\u043e\u0449\u0430\u0434\u044c \u0410\u043b\u0435\u043a\u0441\u0430\u043d\u0434\u0440\u0430 \u041d\u0435\u0432\u0441\u043a\u043e\u0433\u043e-1", "next_station": 59, "ln_coord": 30.385915, "line": 5, "prev_time": 300, "lt_coord": 59.924351}, "model": "app.station", "pk": 58}, {"fields": {"next_time": 300, "name": "\u0415\u043b\u0438\u0437\u0430\u0440\u043e\u0432\u0441\u043a\u0430\u044f", "next_station": 60, "ln_coord": 30.423656, "line": 5, "prev_time": 300, "lt_coord": 59.89669}, "model": "app.station", "pk": 59}, {"fields": {"next_time": 300, "name": "\u041b\u043e\u043c\u043e\u043d\u043e\u0441\u043e\u0432\u0441\u043a\u0430\u044f", "next_station": 61, "ln_coord": 30.441715, "line": 5, "prev_time": 300, "lt_coord": 59.877342}, "model": "app.station", "pk": 60}, {"fields": {"next_time": 300, "name": "\u041f\u0440\u043e\u043b\u0435\u0442\u0430\u0440\u0441\u043a\u0430\u044f", "next_station": 62, "ln_coord": 30.470264, "line": 5, "prev_time": 300, "lt_coord": 59.865215}, "model": "app.station", "pk": 61}, {"fields": {"next_time": 300, "name": "\u041e\u0431\u0443\u0445\u043e\u0432\u043e", "next_station": 63, "ln_coord": 30.457743, "line": 5, "prev_time": 300, "lt_coord": 59.848709}, "model": "app.station", "pk": 62}, {"fields": {"next_time": null, "name": "\u0420\u044b\u0431\u0430\u0446\u043a\u043e\u0435", "next_station": null, "ln_coord": 30.501259, "line": 5, "prev_time": null, "lt_coord": 59.830986}, "model": "app.station", "pk": 63}, {"fields": {"to_station": 46, "from_station": 29, "time": 300}, "model": "app.transition", "pk": 1}, {"fields": {"to_station": 29, "from_station": 46, "time": 300}, "model": "app.transition", "pk": 2}, {"fields": {"to_station": 29, "from_station": 43, "time": 300}, "model": "app.transition", "pk": 3}, {"fields": {"to_station": 43, "from_station": 29, "time": 300}, "model": "app.transition", "pk": 4}, {"fields": {"to_station": 12, "from_station": 44, "time": 300}, "model": "app.transition", "pk": 5}, {"fields": {"to_station": 44, "from_station": 12, "time": 300}, "model": "app.transition", "pk": 6}, {"fields": {"to_station": 30, "from_station": 13, "time": 300}, "model": "app.transition", "pk": 7}, {"fields": {"to_station": 13, "from_station": 30, "time": 300}, "model": "app.transition", "pk": 8}, {"fields": {"to_station": 47, "from_station": 11, "time": 300}, "model": "app.transition", "pk": 9}, {"fields": {"to_station": 11, "from_station": 47, "time": 300}, "model": "app.transition", "pk": 10}, {"fields": {"to_station": 10, "from_station": 57, "time": 300}, "model": "app.transition", "pk": 11}, {"fields": {"to_station": 57, "from_station": 10, "time": 300}, "model": "app.transition", "pk": 12}, {"fields": {"to_station": 56, "from_station": 28, "time": 300}, "model": "app.transition", "pk": 13}, {"fields": {"to_station": 28, "from_station": 56, "time": 300}, "model": "app.transition", "pk": 14}, {"fields": {"to_station": 58, "from_station": 49, "time": 300}, "model": "app.transition", "pk": 15}, {"fields": {"to_station": 49, "from_station": 58, "time": 300}, "model": "app.transition", "pk": 16}, {"fields": {"codename": "add_logentry", "name": "Can add log entry", "content_type": 1}, "model": "auth.permission", "pk": 1}, {"fields": {"codename": "change_logentry", "name": "Can change log entry", "content_type": 1}, "model": "auth.permission", "pk": 2}, {"fields": {"codename": "delete_logentry", "name": "Can delete log entry", "content_type": 1}, "model": "auth.permission", "pk": 3}, {"fields": {"codename": "add_permission", "name": "Can add permission", "content_type": 2}, "model": "auth.permission", "pk": 4}, {"fields": {"codename": "change_permission", "name": "Can change permission", "content_type": 2}, "model": "auth.permission", "pk": 5}, {"fields": {"codename": "delete_permission", "name": "Can delete permission", "content_type": 2}, "model": "auth.permission", "pk": 6}, {"fields": {"codename": "add_group", "name": "Can add group", "content_type": 3}, "model": "auth.permission", "pk": 7}, {"fields": {"codename": "change_group", "name": "Can change group", "content_type": 3}, "model": "auth.permission", "pk": 8}, {"fields": {"codename": "delete_group", "name": "Can delete group", "content_type": 3}, "model": "auth.permission", "pk": 9}, {"fields": {"codename": "add_user", "name": "Can add user", "content_type": 4}, "model": "auth.permission", "pk": 10}, {"fields": {"codename": "change_user", "name": "Can change user", "content_type": 4}, "model": "auth.permission", "pk": 11}, {"fields": {"codename": "delete_user", "name": "Can delete user", "content_type": 4}, "model": "auth.permission", "pk": 12}, {"fields": {"codename": "add_contenttype", "name": "Can add content type", "content_type": 5}, "model": "auth.permission", "pk": 13}, {"fields": {"codename": "change_contenttype", "name": "Can change content type", "content_type": 5}, "model": "auth.permission", "pk": 14}, {"fields": {"codename": "delete_contenttype", "name": "Can delete content type", "content_type": 5}, "model": "auth.permission", "pk": 15}, {"fields": {"codename": "add_session", "name": "Can add session", "content_type": 6}, "model": "auth.permission", "pk": 16}, {"fields": {"codename": "change_session", "name": "Can change session", "content_type": 6}, "model": "auth.permission", "pk": 17}, {"fields": {"codename": "delete_session", "name": "Can delete session", "content_type": 6}, "model": "auth.permission", "pk": 18}, {"fields": {"codename": "add_city", "name": "Can add city", "content_type": 7}, "model": "auth.permission", "pk": 19}, {"fields": {"codename": "change_city", "name": "Can change city", "content_type": 7}, "model": "auth.permission", "pk": 20}, {"fields": {"codename": "delete_city", "name": "Can delete city", "content_type": 7}, "model": "auth.permission", "pk": 21}, {"fields": {"codename": "add_line", "name": "Can add line", "content_type": 8}, "model": "auth.permission", "pk": 22}, {"fields": {"codename": "change_line", "name": "Can change line", "content_type": 8}, "model": "auth.permission", "pk": 23}, {"fields": {"codename": "delete_line", "name": "Can delete line", "content_type": 8}, "model": "auth.permission", "pk": 24}, {"fields": {"codename": "add_station", "name": "Can add station", "content_type": 9}, "model": "auth.permission", "pk": 25}, {"fields": {"codename": "change_station", "name": "Can change station", "content_type": 9}, "model": "auth.permission", "pk": 26}, {"fields": {"codename": "delete_station", "name": "Can delete station", "content_type": 9}, "model": "auth.permission", "pk": 27}, {"fields": {"codename": "add_transition", "name": "Can add transition", "content_type": 10}, "model": "auth.permission", "pk": 28}, {"fields": {"codename": "change_transition", "name": "Can change transition", "content_type": 10}, "model": "auth.permission", "pk": 29}, {"fields": {"codename": "delete_transition", "name": "Can delete transition", "content_type": 10}, "model": "auth.permission", "pk": 30}, {"fields": {"username": "admin", "first_name": "admin", "last_name": "", "is_active": true, "is_superuser": true, "is_staff": true, "last_login": "2014-11-07T06:32:00.095Z", "groups": [], "user_permissions": [], "password": "pbkdf2_sha256$12000$juwJirbT5HTu$iuLMGRNg+JntiacpXovy7ZpcZLggZZlPbd3tkHhgGPY=", "email": "admin@metro.omsk.ru", "date_joined": "2014-11-07T06:31:16Z"}, "model": "auth.user", "pk": 1}]